Screaming Circuits SMD component position file.

Centroid Data for pc board: "JF-SV-LP0001REVA.brd" as of: 6/13/2016 5:03 PM
Measurements are in inches. Comma delimited
Only surface mount components included

RefDes,Layer,LocationX,LocationY,Rotation
OK1,Top,1.700,2.975,180
OK2,Top,1.645,0.640,0
Q1,Top,0.970,3.340,270
Q2,Top,1.475,3.295,270
Q3,Top,0.875,0.265,90
Q4,Top,1.310,0.325,270
R1,Top,0.520,1.960,0
R2,Top,1.705,2.020,180
R4,Top,0.455,2.805,270
R5,Top,0.275,2.585,270
R6,Top,0.275,2.805,90
R7,Top,1.180,3.150,0
R8,Top,1.180,3.335,180
R9,Top,1.800,3.310,270
R11,Top,1.735,2.220,90
R12,Top,0.515,0.960,0
R13,Top,1.460,1.615,270
R15,Top,0.305,0.745,90
R16,Top,0.205,1.010,90
R17,Top,0.450,0.745,270
R18,Top,1.125,0.190,0
R19,Top,1.125,0.360,180
R20,Top,1.495,0.290,0
R22,Top,1.725,1.315,270
